Index,DS,LKMM Prod (ns),User Cons (ns),User Prod (ns),LKMM Cons (ns),E2E (ns),Tput (Mop/s),Relay %
1,MSQueue,205,234,184,332,955,1.05,100
2,MSQueue,168,239,172,359,938,1.07,100
3,MSQueue,173,235,182,352,942,1.06,100
4,MSQueue,154,256,158,329,897,1.11,100
5,MSQueue,166,251,209,311,937,1.07,100
6,MSQueue,155,231,177,355,918,1.09,100
7,MSQueue,125,274,235,350,984,1.02,100
8,MSQueue,163,251,202,345,961,1.04,100
9,MSQueue,169,243,202,347,961,1.04,100
10,MSQueue,175,251,198,345,969,1.03,100
11,MSQueue,157,232,188,300,877,1.14,100
12,MSQueue,198,262,189,307,956,1.05,100
13,MSQueue,215,229,202,341,987,1.01,100
14,MSQueue,148,251,180,348,927,1.08,100
15,MSQueue,149,249,170,351,919,1.09,100
16,MSQueue,177,259,189,387,1012,0.99,100
17,MSQueue,167,247,175,349,938,1.07,100
18,MSQueue,183,243,164,333,923,1.08,100
19,MSQueue,237,244,198,286,965,1.04,100
20,MSQueue,235,248,174,337,994,1.01,100
21,MSQueue,170,242,190,323,925,1.08,100
22,MSQueue,181,245,190,333,949,1.05,100
23,MSQueue,183,228,220,353,984,1.02,100
24,MSQueue,161,225,197,334,917,1.09,100
25,MSQueue,157,256,218,372,1003,1.00,100
26,MSQueue,188,254,180,312,934,1.07,100
27,MSQueue,169,233,191,326,919,1.09,100
28,MSQueue,154,245,189,345,933,1.07,100
29,MSQueue,155,241,236,327,959,1.04,100
30,MSQueue,186,237,229,294,946,1.06,100
31,MSQueue,171,238,220,396,1025,0.98,100
32,MSQueue,172,243,212,306,933,1.07,100
33,MSQueue,191,246,196,336,969,1.03,100
34,MSQueue,143,223,157,343,866,1.15,100
35,MSQueue,179,243,218,334,974,1.03,100
36,MSQueue,185,272,188,313,958,1.04,100
37,MSQueue,205,253,185,315,958,1.04,100
38,MSQueue,218,254,230,343,1045,0.96,100
39,MSQueue,183,228,150,350,911,1.10,100
40,MSQueue,211,237,208,436,1092,0.92,100
41,MSQueue,186,245,202,326,959,1.04,100
42,MSQueue,190,260,215,345,1010,0.99,100
43,MSQueue,173,238,200,302,913,1.10,100
44,MSQueue,199,228,205,376,1008,0.99,100
45,MSQueue,145,273,162,352,932,1.07,100
46,MSQueue,182,224,202,318,926,1.08,100
47,MSQueue,158,249,173,337,917,1.09,100
48,MSQueue,178,241,181,283,883,1.13,100
49,MSQueue,141,242,170,367,920,1.09,100
50,MSQueue,146,257,202,344,949,1.05,100
51,MSQueue,282,222,234,343,1081,0.93,100
52,MSQueue,174,253,220,293,940,1.06,100
53,MSQueue,192,265,211,368,1036,0.97,100
54,MSQueue,150,253,187,360,950,1.05,100
55,MSQueue,163,232,224,280,899,1.11,100
56,MSQueue,148,253,229,318,948,1.05,100
57,MSQueue,145,261,227,306,939,1.06,100
58,MSQueue,284,226,293,320,1123,0.89,100
59,MSQueue,187,266,186,348,987,1.01,100
60,MSQueue,155,251,170,384,960,1.04,100
61,MSQueue,166,248,215,299,928,1.08,100
62,MSQueue,169,240,187,281,877,1.14,100
63,MSQueue,162,244,181,363,950,1.05,100
64,MSQueue,244,249,178,385,1056,0.95,100
65,MSQueue,174,255,173,322,924,1.08,100
66,MSQueue,153,257,197,381,988,1.01,100
67,MSQueue,167,240,240,312,959,1.04,100
68,MSQueue,154,220,234,342,950,1.05,100
69,MSQueue,221,243,191,296,951,1.05,100
70,MSQueue,140,283,183,363,969,1.03,100
71,MSQueue,149,261,258,300,968,1.03,100
72,MSQueue,177,237,210,340,964,1.04,100
73,MSQueue,162,249,185,301,897,1.11,100
74,MSQueue,157,262,204,319,942,1.06,100
75,MSQueue,186,220,183,348,937,1.07,100
76,MSQueue,174,227,186,364,951,1.05,100
77,MSQueue,234,236,157,344,971,1.03,100
78,MSQueue,179,242,174,347,942,1.06,100
79,MSQueue,152,284,169,296,901,1.11,100
80,MSQueue,174,259,145,388,966,1.04,100
81,MSQueue,148,243,211,422,1024,0.98,100
82,MSQueue,177,228,215,314,934,1.07,100
83,MSQueue,216,246,230,393,1085,0.92,100
84,MSQueue,138,252,224,309,923,1.08,100
85,MSQueue,148,250,168,355,921,1.09,100
86,MSQueue,189,232,176,358,955,1.05,100
87,MSQueue,230,242,201,303,976,1.02,100
88,MSQueue,163,236,215,370,984,1.02,100
89,MSQueue,147,274,206,362,989,1.01,100
90,MSQueue,201,253,167,340,961,1.04,100
91,MSQueue,221,209,219,332,981,1.02,100
92,MSQueue,154,235,210,385,984,1.02,100
93,MSQueue,210,220,174,353,957,1.04,100
94,MSQueue,185,245,163,385,978,1.02,100
95,MSQueue,218,231,198,347,994,1.01,100
96,MSQueue,176,224,225,279,904,1.11,100
97,MSQueue,141,233,191,361,926,1.08,100
98,MSQueue,158,255,160,355,928,1.08,100
99,MSQueue,175,221,163,324,883,1.13,100
100,MSQueue,143,241,173,333,890,1.12,100
101,Vyukhov MPMC,168,421,103,113,805,1.24,100
102,Vyukhov MPMC,148,142,114,125,529,1.89,100
103,Vyukhov MPMC,199,141,110,99,549,1.82,100
104,Vyukhov MPMC,153,145,115,121,534,1.87,100
105,Vyukhov MPMC,162,143,132,106,543,1.84,100
106,Vyukhov MPMC,184,143,121,100,548,1.82,100
107,Vyukhov MPMC,176,139,106,117,538,1.86,100
108,Vyukhov MPMC,124,148,117,110,499,2.00,100
109,Vyukhov MPMC,174,156,103,101,534,1.87,100
110,Vyukhov MPMC,161,148,123,110,542,1.85,100
111,Vyukhov MPMC,139,141,124,122,526,1.90,100
112,Vyukhov MPMC,198,147,150,111,606,1.65,100
113,Vyukhov MPMC,182,141,119,104,546,1.83,100
114,Vyukhov MPMC,132,139,120,111,502,1.99,100
115,Vyukhov MPMC,132,145,125,112,514,1.95,100
116,Vyukhov MPMC,136,140,132,103,511,1.96,100
117,Vyukhov MPMC,203,140,109,113,565,1.77,100
118,Vyukhov MPMC,192,144,117,129,582,1.72,100
119,Vyukhov MPMC,155,149,110,109,523,1.91,100
120,Vyukhov MPMC,146,143,117,108,514,1.95,100
121,Vyukhov MPMC,149,148,131,104,532,1.88,100
122,Vyukhov MPMC,134,145,143,114,536,1.87,100
123,Vyukhov MPMC,141,164,141,108,554,1.81,100
124,Vyukhov MPMC,169,145,128,118,560,1.79,100
125,Vyukhov MPMC,149,146,118,119,532,1.88,100
126,Vyukhov MPMC,177,152,117,117,563,1.78,100
127,Vyukhov MPMC,168,157,133,110,568,1.76,100
128,Vyukhov MPMC,140,142,110,106,498,2.01,100
129,Vyukhov MPMC,140,152,123,101,516,1.94,100
130,Vyukhov MPMC,164,139,145,119,567,1.76,100
131,Vyukhov MPMC,141,151,110,103,505,1.98,100
132,Vyukhov MPMC,156,156,127,116,555,1.80,100
133,Vyukhov MPMC,138,147,119,119,523,1.91,100
134,Vyukhov MPMC,188,142,115,109,554,1.81,100
135,Vyukhov MPMC,139,137,130,102,508,1.97,100
136,Vyukhov MPMC,175,141,119,107,542,1.85,100
137,Vyukhov MPMC,228,150,115,136,629,1.59,100
138,Vyukhov MPMC,156,143,102,112,513,1.95,100
139,Vyukhov MPMC,179,157,106,122,564,1.77,100
140,Vyukhov MPMC,137,146,120,99,502,1.99,100
141,Vyukhov MPMC,176,147,117,122,562,1.78,100
142,Vyukhov MPMC,142,154,120,120,536,1.87,100
143,Vyukhov MPMC,133,140,113,123,509,1.96,100
144,Vyukhov MPMC,245,148,167,117,677,1.48,100
145,Vyukhov MPMC,127,143,111,104,485,2.06,100
146,Vyukhov MPMC,140,147,122,106,515,1.94,100
147,Vyukhov MPMC,172,137,109,102,520,1.92,100
148,Vyukhov MPMC,130,145,124,107,506,1.98,100
149,Vyukhov MPMC,180,146,110,110,546,1.83,100
150,Vyukhov MPMC,138,149,136,102,525,1.90,100
151,Vyukhov MPMC,127,136,103,106,472,2.12,100
152,Vyukhov MPMC,189,141,125,101,556,1.80,100
153,Vyukhov MPMC,130,137,117,104,488,2.05,100
154,Vyukhov MPMC,183,142,110,103,538,1.86,100
155,Vyukhov MPMC,177,160,140,100,577,1.73,100
156,Vyukhov MPMC,167,137,148,111,563,1.78,100
157,Vyukhov MPMC,166,139,134,104,543,1.84,100
158,Vyukhov MPMC,130,152,127,115,524,1.91,100
159,Vyukhov MPMC,146,147,162,126,581,1.72,100
160,Vyukhov MPMC,175,145,158,114,592,1.69,100
161,Vyukhov MPMC,146,154,105,99,504,1.98,100
162,Vyukhov MPMC,148,162,150,102,562,1.78,100
163,Vyukhov MPMC,138,147,125,102,512,1.95,100
164,Vyukhov MPMC,176,145,120,108,549,1.82,100
165,Vyukhov MPMC,131,143,141,124,539,1.86,100
166,Vyukhov MPMC,134,150,105,102,491,2.04,100
167,Vyukhov MPMC,165,139,129,99,532,1.88,100
168,Vyukhov MPMC,169,160,118,108,555,1.80,100
169,Vyukhov MPMC,156,147,123,102,528,1.89,100
170,Vyukhov MPMC,180,147,111,101,539,1.86,100
171,Vyukhov MPMC,136,145,123,118,522,1.92,100
172,Vyukhov MPMC,160,142,117,117,536,1.87,100
173,Vyukhov MPMC,199,137,121,106,563,1.78,100
174,Vyukhov MPMC,173,151,107,105,536,1.87,100
175,Vyukhov MPMC,171,143,115,103,532,1.88,100
176,Vyukhov MPMC,158,147,128,109,542,1.85,100
177,Vyukhov MPMC,160,143,116,105,524,1.91,100
178,Vyukhov MPMC,180,142,108,101,531,1.88,100
179,Vyukhov MPMC,168,140,122,138,568,1.76,100
180,Vyukhov MPMC,132,141,109,118,500,2.00,100
181,Vyukhov MPMC,178,140,112,103,533,1.88,100
182,Vyukhov MPMC,183,145,109,121,558,1.79,100
183,Vyukhov MPMC,181,141,132,100,554,1.81,100
184,Vyukhov MPMC,147,143,147,102,539,1.86,100
185,Vyukhov MPMC,189,149,133,101,572,1.75,100
186,Vyukhov MPMC,185,145,119,112,561,1.78,100
187,Vyukhov MPMC,173,147,124,104,548,1.82,100
188,Vyukhov MPMC,150,146,114,100,510,1.96,100
189,Vyukhov MPMC,136,165,99,128,528,1.89,100
190,Vyukhov MPMC,226,148,123,112,609,1.64,100
191,Vyukhov MPMC,172,144,112,124,552,1.81,100
192,Vyukhov MPMC,137,146,112,102,497,2.01,100
193,Vyukhov MPMC,173,139,113,102,527,1.90,100
194,Vyukhov MPMC,133,149,120,101,503,1.99,100
195,Vyukhov MPMC,203,140,106,112,561,1.78,100
196,Vyukhov MPMC,121,144,104,101,470,2.13,100
197,Vyukhov MPMC,271,141,120,106,638,1.57,100
198,Vyukhov MPMC,188,150,160,119,617,1.62,100
199,Vyukhov MPMC,285,143,114,112,654,1.53,100
200,Vyukhov MPMC,148,143,152,101,544,1.84,100
201,Folly SPSC,100,98,77,71,346,2.89,100
202,Folly SPSC,102,93,79,61,335,2.99,100
203,Folly SPSC,85,102,94,60,341,2.93,100
204,Folly SPSC,101,99,87,75,362,2.76,100
205,Folly SPSC,123,95,77,55,350,2.86,100
206,Folly SPSC,94,98,89,58,339,2.95,100
207,Folly SPSC,172,98,97,76,443,2.26,100
208,Folly SPSC,94,99,80,57,330,3.03,100
209,Folly SPSC,95,97,86,56,334,2.99,100
210,Folly SPSC,120,98,89,55,362,2.76,100
211,Folly SPSC,90,97,78,54,319,3.13,100
212,Folly SPSC,97,101,71,54,323,3.10,100
213,Folly SPSC,105,101,76,58,340,2.94,100
214,Folly SPSC,99,96,74,50,319,3.13,100
215,Folly SPSC,93,112,84,54,343,2.92,100
216,Folly SPSC,97,98,78,72,345,2.90,100
217,Folly SPSC,92,99,79,51,321,3.12,100
218,Folly SPSC,106,97,67,53,323,3.10,100
219,Folly SPSC,93,98,72,60,323,3.10,100
220,Folly SPSC,90,94,67,58,309,3.24,100
221,Folly SPSC,94,94,81,60,329,3.04,100
222,Folly SPSC,211,89,82,81,463,2.16,100
223,Folly SPSC,100,99,72,56,327,3.06,100
224,Folly SPSC,102,101,64,90,357,2.80,100
225,Folly SPSC,103,93,86,62,344,2.91,100
226,Folly SPSC,123,93,69,59,344,2.91,100
227,Folly SPSC,115,107,73,54,349,2.87,100
228,Folly SPSC,90,103,86,57,336,2.98,100
229,Folly SPSC,87,99,87,62,335,2.99,100
230,Folly SPSC,105,95,78,61,339,2.95,100
231,Folly SPSC,91,98,73,60,322,3.11,100
232,Folly SPSC,102,114,96,57,369,2.71,100
233,Folly SPSC,88,94,65,53,300,3.33,100
234,Folly SPSC,95,96,66,57,314,3.18,100
235,Folly SPSC,186,96,82,73,437,2.29,100
236,Folly SPSC,71,94,85,71,321,3.12,100
237,Folly SPSC,95,98,94,55,342,2.92,100
238,Folly SPSC,101,112,77,54,344,2.91,100
239,Folly SPSC,141,100,71,53,365,2.74,100
240,Folly SPSC,110,98,84,54,346,2.89,100
241,Folly SPSC,97,98,75,66,336,2.98,100
242,Folly SPSC,114,98,68,53,333,3.00,100
243,Folly SPSC,89,370,106,65,630,1.59,100
244,Folly SPSC,77,98,68,48,291,3.44,100
245,Folly SPSC,95,94,91,57,337,2.97,100
246,Folly SPSC,92,96,73,56,317,3.15,100
247,Folly SPSC,77,99,80,60,316,3.16,100
248,Folly SPSC,182,94,86,71,433,2.31,100
249,Folly SPSC,119,94,59,58,330,3.03,100
250,Folly SPSC,111,98,75,54,338,2.96,100
251,Folly SPSC,99,96,108,55,358,2.79,100
252,Folly SPSC,120,101,85,57,363,2.75,100
253,Folly SPSC,98,111,69,59,337,2.97,100
254,Folly SPSC,170,100,80,78,428,2.34,100
255,Folly SPSC,125,97,88,57,367,2.72,100
256,Folly SPSC,78,100,78,54,310,3.23,100
257,Folly SPSC,99,110,75,54,338,2.96,100
258,Folly SPSC,89,99,71,70,329,3.04,100
259,Folly SPSC,101,102,81,54,338,2.96,100
260,Folly SPSC,123,110,74,60,367,2.72,100
261,Folly SPSC,95,101,79,55,330,3.03,100
262,Folly SPSC,106,96,84,71,357,2.80,100
263,Folly SPSC,118,97,72,54,341,2.93,100
264,Folly SPSC,102,96,85,61,344,2.91,100
265,Folly SPSC,100,97,89,54,340,2.94,100
266,Folly SPSC,122,101,101,56,380,2.63,100
267,Folly SPSC,96,95,59,58,308,3.25,100
268,Folly SPSC,99,97,78,51,325,3.08,100
269,Folly SPSC,98,97,79,49,323,3.10,100
270,Folly SPSC,109,93,81,61,344,2.91,100
271,Folly SPSC,165,97,86,66,414,2.42,100
272,Folly SPSC,117,101,90,59,367,2.72,100
273,Folly SPSC,91,105,81,58,335,2.99,100
274,Folly SPSC,108,97,81,53,339,2.95,100
275,Folly SPSC,98,103,93,56,350,2.86,100
276,Folly SPSC,91,101,108,53,353,2.83,100
277,Folly SPSC,110,92,99,57,358,2.79,100
278,Folly SPSC,94,98,83,56,331,3.02,100
279,Folly SPSC,89,91,74,53,307,3.26,100
280,Folly SPSC,89,99,93,54,335,2.99,100
281,Folly SPSC,102,110,67,64,343,2.92,100
282,Folly SPSC,122,98,63,54,337,2.97,100
283,Folly SPSC,102,96,81,59,338,2.96,100
284,Folly SPSC,103,90,70,69,332,3.01,100
285,Folly SPSC,73,99,82,53,307,3.26,100
286,Folly SPSC,103,102,77,56,338,2.96,100
287,Folly SPSC,95,100,71,58,324,3.09,100
288,Folly SPSC,89,97,78,56,320,3.12,100
289,Folly SPSC,92,96,86,57,331,3.02,100
290,Folly SPSC,94,100,87,55,336,2.98,100
291,Folly SPSC,151,102,78,54,385,2.60,100
292,Folly SPSC,99,98,106,50,353,2.83,100
293,Folly SPSC,100,97,76,50,323,3.10,100
294,Folly SPSC,196,92,90,74,452,2.21,100
295,Folly SPSC,92,100,76,53,321,3.12,100
296,Folly SPSC,101,103,80,54,338,2.96,100
297,Folly SPSC,101,98,74,55,328,3.05,100
298,Folly SPSC,102,111,99,54,366,2.73,100
299,Folly SPSC,114,97,82,52,345,2.90,100
300,Folly SPSC,121,102,65,62,350,2.86,100
301,CK FIFO SPSC,133,106,116,44,399,2.51,100
302,CK FIFO SPSC,139,122,129,53,443,2.26,100
303,CK FIFO SPSC,114,110,85,59,368,2.72,100
304,CK FIFO SPSC,57,107,117,53,334,2.99,100
305,CK FIFO SPSC,57,100,109,52,318,3.14,100
306,CK FIFO SPSC,77,101,113,53,344,2.91,100
307,CK FIFO SPSC,120,98,126,50,394,2.54,100
308,CK FIFO SPSC,75,107,102,53,337,2.97,100
309,CK FIFO SPSC,106,97,151,54,408,2.45,100
310,CK FIFO SPSC,75,104,119,50,348,2.87,100
311,CK FIFO SPSC,66,100,80,50,296,3.38,100
312,CK FIFO SPSC,55,103,113,42,313,3.19,100
313,CK FIFO SPSC,108,100,110,44,362,2.76,100
314,CK FIFO SPSC,77,99,122,52,350,2.86,100
315,CK FIFO SPSC,121,96,105,53,375,2.67,100
316,CK FIFO SPSC,94,105,121,55,375,2.67,100
317,CK FIFO SPSC,150,91,141,41,423,2.36,100
318,CK FIFO SPSC,63,99,103,54,319,3.13,100
319,CK FIFO SPSC,69,98,101,49,317,3.15,100
320,CK FIFO SPSC,57,100,152,67,376,2.66,100
321,CK FIFO SPSC,61,104,119,51,335,2.99,100
322,CK FIFO SPSC,58,95,100,49,302,3.31,100
323,CK FIFO SPSC,68,102,111,51,332,3.01,100
324,CK FIFO SPSC,79,98,100,53,330,3.03,100
325,CK FIFO SPSC,61,100,97,44,302,3.31,100
326,CK FIFO SPSC,69,117,125,43,354,2.82,100
327,CK FIFO SPSC,81,101,98,50,330,3.03,100
328,CK FIFO SPSC,76,105,117,51,349,2.87,100
329,CK FIFO SPSC,150,101,189,71,511,1.96,100
330,CK FIFO SPSC,54,100,120,54,328,3.05,100
331,CK FIFO SPSC,56,101,121,50,328,3.05,100
332,CK FIFO SPSC,80,119,114,53,366,2.73,100
333,CK FIFO SPSC,71,104,100,51,326,3.07,100
334,CK FIFO SPSC,120,96,118,52,386,2.59,100
335,CK FIFO SPSC,85,101,155,51,392,2.55,100
336,CK FIFO SPSC,77,102,109,50,338,2.96,100
337,CK FIFO SPSC,69,108,93,49,319,3.13,100
338,CK FIFO SPSC,77,106,101,50,334,2.99,100
339,CK FIFO SPSC,111,97,95,42,345,2.90,100
340,CK FIFO SPSC,72,108,119,52,351,2.85,100
341,CK FIFO SPSC,129,101,97,53,380,2.63,100
342,CK FIFO SPSC,112,102,136,52,402,2.49,100
343,CK FIFO SPSC,64,108,106,45,323,3.10,100
344,CK FIFO SPSC,84,104,108,52,348,2.87,100
345,CK FIFO SPSC,123,103,97,45,368,2.72,100
346,CK FIFO SPSC,110,100,121,51,382,2.62,100
347,CK FIFO SPSC,85,107,112,51,355,2.82,100
348,CK FIFO SPSC,78,124,138,42,382,2.62,100
349,CK FIFO SPSC,113,109,119,51,392,2.55,100
350,CK FIFO SPSC,87,106,105,51,349,2.87,100
351,CK FIFO SPSC,102,99,102,78,381,2.62,100
352,CK FIFO SPSC,112,119,151,52,434,2.30,100
353,CK FIFO SPSC,61,106,109,52,328,3.05,100
354,CK FIFO SPSC,77,96,144,50,367,2.72,100
355,CK FIFO SPSC,100,110,119,46,375,2.67,100
356,CK FIFO SPSC,73,100,103,52,328,3.05,100
357,CK FIFO SPSC,113,103,77,67,360,2.78,100
358,CK FIFO SPSC,67,101,93,50,311,3.22,100
359,CK FIFO SPSC,85,104,98,50,337,2.97,100
360,CK FIFO SPSC,103,101,93,45,342,2.92,100
361,CK FIFO SPSC,114,98,161,52,425,2.35,100
362,CK FIFO SPSC,76,113,95,51,335,2.99,100
363,CK FIFO SPSC,82,98,123,69,372,2.69,100
364,CK FIFO SPSC,76,98,104,51,329,3.04,100
365,CK FIFO SPSC,95,97,122,68,382,2.62,100
366,CK FIFO SPSC,81,106,113,67,367,2.72,100
367,CK FIFO SPSC,130,110,119,52,411,2.43,100
368,CK FIFO SPSC,63,98,108,44,313,3.19,100
369,CK FIFO SPSC,108,105,109,51,373,2.68,100
370,CK FIFO SPSC,120,101,125,67,413,2.42,100
371,CK FIFO SPSC,75,92,166,60,393,2.54,100
372,CK FIFO SPSC,65,112,88,64,329,3.04,100
373,CK FIFO SPSC,70,99,147,50,366,2.73,100
374,CK FIFO SPSC,89,101,133,44,367,2.72,100
375,CK FIFO SPSC,66,103,138,59,366,2.73,100
376,CK FIFO SPSC,90,96,116,51,353,2.83,100
377,CK FIFO SPSC,63,100,115,50,328,3.05,100
378,CK FIFO SPSC,64,103,128,52,347,2.88,100
379,CK FIFO SPSC,141,99,118,52,410,2.44,100
380,CK FIFO SPSC,108,101,130,75,414,2.42,100
381,CK FIFO SPSC,112,100,158,51,421,2.38,100
382,CK FIFO SPSC,52,104,134,44,334,2.99,100
383,CK FIFO SPSC,95,100,92,63,350,2.86,100
384,CK FIFO SPSC,147,106,128,45,426,2.35,100
385,CK FIFO SPSC,119,103,122,51,395,2.53,100
386,CK FIFO SPSC,92,98,121,53,364,2.75,100
387,CK FIFO SPSC,122,96,105,68,391,2.56,100
388,CK FIFO SPSC,87,94,114,50,345,2.90,100
389,CK FIFO SPSC,57,108,110,50,325,3.08,100
390,CK FIFO SPSC,95,104,104,50,353,2.83,100
391,CK FIFO SPSC,105,102,94,66,367,2.72,100
392,CK FIFO SPSC,94,97,172,68,431,2.32,100
393,CK FIFO SPSC,57,97,117,52,323,3.10,100
394,CK FIFO SPSC,76,99,104,49,328,3.05,100
395,CK FIFO SPSC,79,99,109,53,340,2.94,100
396,CK FIFO SPSC,59,103,114,73,349,2.87,100
397,CK FIFO SPSC,68,104,87,43,302,3.31,100
398,CK FIFO SPSC,101,103,141,45,390,2.56,100
399,CK FIFO SPSC,102,100,126,67,395,2.53,100
400,CK FIFO SPSC,110,102,94,53,359,2.79,100
401,CK Ring SPSC,84,123,77,52,336,2.98,100
402,CK Ring SPSC,80,112,72,66,330,3.03,100
403,CK Ring SPSC,120,113,76,48,357,2.80,100
404,CK Ring SPSC,92,119,73,61,345,2.90,100
405,CK Ring SPSC,96,126,105,43,370,2.70,100
406,CK Ring SPSC,83,114,78,60,335,2.99,100
407,CK Ring SPSC,83,112,76,49,320,3.12,100
408,CK Ring SPSC,83,117,98,51,349,2.87,100
409,CK Ring SPSC,104,122,87,51,364,2.75,100
410,CK Ring SPSC,149,119,106,74,448,2.23,100
411,CK Ring SPSC,91,110,86,50,337,2.97,100
412,CK Ring SPSC,135,106,76,68,385,2.60,100
413,CK Ring SPSC,92,117,66,67,342,2.92,100
414,CK Ring SPSC,88,114,66,44,312,3.21,100
415,CK Ring SPSC,91,108,65,49,313,3.19,100
416,CK Ring SPSC,94,1128,74,49,1345,0.74,100
417,CK Ring SPSC,82,119,77,42,320,3.12,100
418,CK Ring SPSC,116,128,85,42,371,2.70,100
419,CK Ring SPSC,119,111,82,52,364,2.75,100
420,CK Ring SPSC,93,110,85,50,338,2.96,100
421,CK Ring SPSC,91,114,90,57,352,2.84,100
422,CK Ring SPSC,114,116,77,60,367,2.72,100
423,CK Ring SPSC,84,111,89,50,334,2.99,100
424,CK Ring SPSC,99,114,73,50,336,2.98,100
425,CK Ring SPSC,82,120,84,65,351,2.85,100
426,CK Ring SPSC,91,115,79,52,337,2.97,100
427,CK Ring SPSC,95,116,78,47,336,2.98,100
428,CK Ring SPSC,82,110,105,44,341,2.93,100
429,CK Ring SPSC,76,114,107,63,360,2.78,100
430,CK Ring SPSC,159,115,77,72,423,2.36,100
431,CK Ring SPSC,87,113,83,46,329,3.04,100
432,CK Ring SPSC,86,113,76,49,324,3.09,100
433,CK Ring SPSC,85,104,82,45,316,3.16,100
434,CK Ring SPSC,179,115,61,66,421,2.38,100
435,CK Ring SPSC,88,131,84,39,342,2.92,100
436,CK Ring SPSC,97,127,121,54,399,2.51,100
437,CK Ring SPSC,95,112,78,51,336,2.98,100
438,CK Ring SPSC,106,109,62,59,336,2.98,100
439,CK Ring SPSC,84,115,76,46,321,3.12,100
440,CK Ring SPSC,117,112,66,57,352,2.84,100
441,CK Ring SPSC,90,114,71,48,323,3.10,100
442,CK Ring SPSC,81,112,78,46,317,3.15,100
443,CK Ring SPSC,114,108,70,50,342,2.92,100
444,CK Ring SPSC,85,127,78,61,351,2.85,100
445,CK Ring SPSC,95,114,88,47,344,2.91,100
446,CK Ring SPSC,85,113,66,46,310,3.23,100
447,CK Ring SPSC,186,104,64,66,420,2.38,100
448,CK Ring SPSC,107,115,80,51,353,2.83,100
449,CK Ring SPSC,82,116,67,49,314,3.18,100
450,CK Ring SPSC,90,107,82,53,332,3.01,100
451,CK Ring SPSC,81,115,77,46,319,3.13,100
452,CK Ring SPSC,87,113,79,52,331,3.02,100
453,CK Ring SPSC,95,107,75,43,320,3.12,100
454,CK Ring SPSC,107,110,81,51,349,2.87,100
455,CK Ring SPSC,92,114,67,52,325,3.08,100
456,CK Ring SPSC,91,111,77,47,326,3.07,100
457,CK Ring SPSC,89,111,77,49,326,3.07,100
458,CK Ring SPSC,109,110,68,52,339,2.95,100
459,CK Ring SPSC,112,117,87,53,369,2.71,100
460,CK Ring SPSC,98,110,74,44,326,3.07,100
461,CK Ring SPSC,90,115,78,52,335,2.99,100
462,CK Ring SPSC,85,117,67,44,313,3.19,100
463,CK Ring SPSC,107,113,79,40,339,2.95,100
464,CK Ring SPSC,106,114,69,50,339,2.95,100
465,CK Ring SPSC,82,133,76,52,343,2.92,100
466,CK Ring SPSC,85,110,64,53,312,3.21,100
467,CK Ring SPSC,84,112,66,51,313,3.19,100
468,CK Ring SPSC,117,111,76,55,359,2.79,100
469,CK Ring SPSC,202,114,66,65,447,2.24,100
470,CK Ring SPSC,86,108,68,46,308,3.25,100
471,CK Ring SPSC,172,111,79,69,431,2.32,100
472,CK Ring SPSC,84,113,75,52,324,3.09,100
473,CK Ring SPSC,112,133,92,46,383,2.61,100
474,CK Ring SPSC,89,107,75,49,320,3.12,100
475,CK Ring SPSC,93,109,70,44,316,3.16,100
476,CK Ring SPSC,122,114,88,44,368,2.72,100
477,CK Ring SPSC,144,113,71,60,388,2.58,100
478,CK Ring SPSC,85,111,57,51,304,3.29,100
479,CK Ring SPSC,114,114,79,45,352,2.84,100
480,CK Ring SPSC,221,121,81,77,500,2.00,100
481,CK Ring SPSC,99,110,70,49,328,3.05,100
482,CK Ring SPSC,90,118,86,64,358,2.79,100
483,CK Ring SPSC,75,110,76,45,306,3.27,100
484,CK Ring SPSC,82,114,86,53,335,2.99,100
485,CK Ring SPSC,86,114,80,65,345,2.90,100
486,CK Ring SPSC,102,119,73,50,344,2.91,100
487,CK Ring SPSC,102,111,84,51,348,2.87,100
488,CK Ring SPSC,100,113,90,48,351,2.85,100
489,CK Ring SPSC,101,119,97,52,369,2.71,100
490,CK Ring SPSC,106,111,95,64,376,2.66,100
491,CK Ring SPSC,93,108,88,52,341,2.93,100
492,CK Ring SPSC,86,125,70,50,331,3.02,100
493,CK Ring SPSC,82,113,77,49,321,3.12,100
494,CK Ring SPSC,81,108,94,52,335,2.99,100
495,CK Ring SPSC,91,109,75,49,324,3.09,100
496,CK Ring SPSC,84,109,70,51,314,3.18,100
497,CK Ring SPSC,89,117,64,51,321,3.12,100
498,CK Ring SPSC,84,113,79,43,319,3.13,100
499,CK Ring SPSC,94,115,94,55,358,2.79,100
500,CK Ring SPSC,91,115,81,49,336,2.98,100
501,CK Stack UPMC,182,127,183,130,622,1.61,100
502,CK Stack UPMC,157,121,142,129,549,1.82,100
503,CK Stack UPMC,144,130,142,127,543,1.84,100
504,CK Stack UPMC,153,135,157,126,571,1.75,100
505,CK Stack UPMC,126,133,154,133,546,1.83,100
506,CK Stack UPMC,154,133,134,126,547,1.83,100
507,CK Stack UPMC,181,119,155,126,581,1.72,100
508,CK Stack UPMC,197,125,130,134,586,1.71,100
509,CK Stack UPMC,174,143,171,124,612,1.63,100
510,CK Stack UPMC,149,136,134,129,548,1.82,100
511,CK Stack UPMC,174,129,164,145,612,1.63,100
512,CK Stack UPMC,201,128,167,123,619,1.62,100
513,CK Stack UPMC,189,113,159,133,594,1.68,100
514,CK Stack UPMC,134,124,150,128,536,1.87,100
515,CK Stack UPMC,199,126,160,128,613,1.63,100
516,CK Stack UPMC,160,114,130,163,567,1.76,100
517,CK Stack UPMC,124,137,142,130,533,1.88,100
518,CK Stack UPMC,186,125,127,166,604,1.66,100
519,CK Stack UPMC,137,133,154,123,547,1.83,100
520,CK Stack UPMC,119,126,125,135,505,1.98,100
521,CK Stack UPMC,143,128,152,131,554,1.81,100
522,CK Stack UPMC,179,130,161,162,632,1.58,100
523,CK Stack UPMC,159,124,138,174,595,1.68,100
524,CK Stack UPMC,134,114,145,119,512,1.95,100
525,CK Stack UPMC,178,132,137,134,581,1.72,100
526,CK Stack UPMC,150,112,144,133,539,1.86,100
527,CK Stack UPMC,220,123,156,145,644,1.55,100
528,CK Stack UPMC,148,109,147,177,581,1.72,100
529,CK Stack UPMC,149,125,143,129,546,1.83,100
530,CK Stack UPMC,153,129,167,124,573,1.75,100
531,CK Stack UPMC,202,127,161,137,627,1.59,100
532,CK Stack UPMC,219,123,148,174,664,1.51,100
533,CK Stack UPMC,220,122,131,121,594,1.68,100
534,CK Stack UPMC,135,131,148,143,557,1.80,100
535,CK Stack UPMC,138,125,132,143,538,1.86,100
536,CK Stack UPMC,192,135,162,128,617,1.62,100
537,CK Stack UPMC,215,124,154,169,662,1.51,100
538,CK Stack UPMC,191,123,155,129,598,1.67,100
539,CK Stack UPMC,170,116,136,171,593,1.69,100
540,CK Stack UPMC,137,126,128,122,513,1.95,100
541,CK Stack UPMC,162,131,141,125,559,1.79,100
542,CK Stack UPMC,132,133,156,141,562,1.78,100
543,CK Stack UPMC,163,132,147,127,569,1.76,100
544,CK Stack UPMC,154,130,142,150,576,1.74,100
545,CK Stack UPMC,215,127,144,142,628,1.59,100
546,CK Stack UPMC,217,125,124,138,604,1.66,100
547,CK Stack UPMC,170,127,131,130,558,1.79,100
548,CK Stack UPMC,158,139,143,128,568,1.76,100
549,CK Stack UPMC,165,111,136,132,544,1.84,100
550,CK Stack UPMC,194,142,135,133,604,1.66,100
551,CK Stack UPMC,139,127,134,143,543,1.84,100
552,CK Stack UPMC,148,135,126,125,534,1.87,100
553,CK Stack UPMC,163,121,144,130,558,1.79,100
554,CK Stack UPMC,142,126,167,142,577,1.73,100
555,CK Stack UPMC,116,128,138,126,508,1.97,100
556,CK Stack UPMC,134,136,135,141,546,1.83,100
557,CK Stack UPMC,210,138,139,149,636,1.57,100
558,CK Stack UPMC,149,120,120,131,520,1.92,100
559,CK Stack UPMC,164,119,120,137,540,1.85,100
560,CK Stack UPMC,152,128,136,139,555,1.80,100
561,CK Stack UPMC,165,124,138,140,567,1.76,100
562,CK Stack UPMC,152,124,145,139,560,1.79,100
563,CK Stack UPMC,169,120,153,138,580,1.72,100
564,CK Stack UPMC,200,123,149,129,601,1.66,100
565,CK Stack UPMC,169,126,161,127,583,1.72,100
566,CK Stack UPMC,96,106,133,132,467,2.14,100
567,CK Stack UPMC,224,122,124,164,634,1.58,100
568,CK Stack UPMC,215,123,135,137,610,1.64,100
569,CK Stack UPMC,203,127,158,129,617,1.62,100
570,CK Stack UPMC,243,123,168,142,676,1.48,100
571,CK Stack UPMC,135,130,140,119,524,1.91,100
572,CK Stack UPMC,149,128,164,128,569,1.76,100
573,CK Stack UPMC,223,124,150,130,627,1.59,100
574,CK Stack UPMC,185,131,135,128,579,1.73,100
575,CK Stack UPMC,165,125,142,130,562,1.78,100
576,CK Stack UPMC,193,128,163,144,628,1.59,100
577,CK Stack UPMC,144,130,148,144,566,1.77,100
578,CK Stack UPMC,175,114,138,131,558,1.79,100
579,CK Stack UPMC,186,122,147,115,570,1.75,100
580,CK Stack UPMC,127,120,147,127,521,1.92,100
581,CK Stack UPMC,177,123,135,128,563,1.78,100
582,CK Stack UPMC,184,116,130,112,542,1.85,100
583,CK Stack UPMC,110,121,139,127,497,2.01,100
584,CK Stack UPMC,181,132,136,139,588,1.70,100
585,CK Stack UPMC,197,123,140,122,582,1.72,100
586,CK Stack UPMC,149,121,116,120,506,1.98,100
587,CK Stack UPMC,166,126,167,125,584,1.71,100
588,CK Stack UPMC,187,131,125,131,574,1.74,100
589,CK Stack UPMC,181,121,137,122,561,1.78,100
590,CK Stack UPMC,148,113,134,126,521,1.92,100
591,CK Stack UPMC,171,108,132,120,531,1.88,100
592,CK Stack UPMC,127,131,165,125,548,1.82,100
593,CK Stack UPMC,144,131,156,122,553,1.81,100
594,CK Stack UPMC,122,125,139,125,511,1.96,100
595,CK Stack UPMC,163,116,133,122,534,1.87,100
596,CK Stack UPMC,152,119,127,118,516,1.94,100
597,CK Stack UPMC,163,116,129,122,530,1.89,100
598,CK Stack UPMC,130,129,126,122,507,1.97,100
599,CK Stack UPMC,159,134,124,125,542,1.85,100
600,CK Stack UPMC,220,117,149,127,613,1.63,100
601,IO_URING Ring,112,125,92,52,381,2.62,100
602,IO_URING Ring,116,115,118,53,402,2.49,100
603,IO_URING Ring,112,110,93,53,368,2.72,100
604,IO_URING Ring,118,110,99,54,381,2.62,100
605,IO_URING Ring,114,106,79,51,350,2.86,100
606,IO_URING Ring,126,120,95,53,394,2.54,100
607,IO_URING Ring,114,110,100,53,377,2.65,100
608,IO_URING Ring,111,106,99,48,364,2.75,100
609,IO_URING Ring,115,104,86,54,359,2.79,100
610,IO_URING Ring,125,110,83,49,367,2.72,100
611,IO_URING Ring,127,114,101,70,412,2.43,100
612,IO_URING Ring,130,104,73,48,355,2.82,100
613,IO_URING Ring,111,107,85,53,356,2.81,100
614,IO_URING Ring,111,112,87,53,363,2.75,100
615,IO_URING Ring,121,108,69,71,369,2.71,100
616,IO_URING Ring,120,105,103,42,370,2.70,100
617,IO_URING Ring,111,104,95,54,364,2.75,100
618,IO_URING Ring,110,103,123,55,391,2.56,100
619,IO_URING Ring,108,123,98,53,382,2.62,100
620,IO_URING Ring,118,104,80,71,373,2.68,100
621,IO_URING Ring,109,114,89,55,367,2.72,100
622,IO_URING Ring,113,105,95,55,368,2.72,100
623,IO_URING Ring,113,102,70,51,336,2.98,100
624,IO_URING Ring,113,104,102,45,364,2.75,100
625,IO_URING Ring,109,108,145,53,415,2.41,100
626,IO_URING Ring,109,120,139,51,419,2.39,100
627,IO_URING Ring,141,103,96,51,391,2.56,100
628,IO_URING Ring,110,106,124,42,382,2.62,100
629,IO_URING Ring,109,106,95,47,357,2.80,100
630,IO_URING Ring,117,108,103,47,375,2.67,100
631,IO_URING Ring,123,107,105,41,376,2.66,100
632,IO_URING Ring,123,121,107,51,402,2.49,100
633,IO_URING Ring,110,119,107,52,388,2.58,100
634,IO_URING Ring,112,109,89,55,365,2.74,100
635,IO_URING Ring,185,110,82,73,450,2.22,100
636,IO_URING Ring,144,105,101,49,399,2.51,100
637,IO_URING Ring,111,107,109,41,368,2.72,100
638,IO_URING Ring,106,115,86,53,360,2.78,100
639,IO_URING Ring,116,106,129,52,403,2.48,100
640,IO_URING Ring,124,111,119,61,415,2.41,100
641,IO_URING Ring,111,106,102,49,368,2.72,100
642,IO_URING Ring,109,117,71,46,343,2.92,100
643,IO_URING Ring,172,106,93,50,421,2.38,100
644,IO_URING Ring,119,108,86,54,367,2.72,100
645,IO_URING Ring,112,105,94,52,363,2.75,100
646,IO_URING Ring,108,105,88,49,350,2.86,100
647,IO_URING Ring,108,103,95,55,361,2.77,100
648,IO_URING Ring,112,116,91,52,371,2.70,100
649,IO_URING Ring,115,107,101,54,377,2.65,100
650,IO_URING Ring,151,109,87,68,415,2.41,100
651,IO_URING Ring,114,110,104,47,375,2.67,100
652,IO_URING Ring,111,100,90,52,353,2.83,100
653,IO_URING Ring,107,109,90,54,360,2.78,100
654,IO_URING Ring,126,120,89,65,400,2.50,100
655,IO_URING Ring,115,114,98,43,370,2.70,100
656,IO_URING Ring,124,110,103,68,405,2.47,100
657,IO_URING Ring,113,105,87,53,358,2.79,100
658,IO_URING Ring,113,104,99,42,358,2.79,100
659,IO_URING Ring,111,109,89,52,361,2.77,100
660,IO_URING Ring,110,111,116,54,391,2.56,100
661,IO_URING Ring,126,108,90,67,391,2.56,100
662,IO_URING Ring,150,104,88,70,412,2.43,100
663,IO_URING Ring,117,115,109,51,392,2.55,100
664,IO_URING Ring,118,106,96,53,373,2.68,100
665,IO_URING Ring,115,109,117,53,394,2.54,100
666,IO_URING Ring,110,108,98,46,362,2.76,100
667,IO_URING Ring,127,110,144,68,449,2.23,100
668,IO_URING Ring,113,117,112,53,395,2.53,100
669,IO_URING Ring,113,104,103,50,370,2.70,100
670,IO_URING Ring,110,108,87,52,357,2.80,100
671,IO_URING Ring,105,110,94,54,363,2.75,100
672,IO_URING Ring,119,104,105,50,378,2.65,100
673,IO_URING Ring,130,104,114,41,389,2.57,100
674,IO_URING Ring,110,111,117,54,392,2.55,100
675,IO_URING Ring,117,121,87,64,389,2.57,100
676,IO_URING Ring,111,106,105,50,372,2.69,100
677,IO_URING Ring,111,106,83,49,349,2.87,100
678,IO_URING Ring,128,103,82,55,368,2.72,100
679,IO_URING Ring,110,113,88,42,353,2.83,100
680,IO_URING Ring,111,102,106,42,361,2.77,100
681,IO_URING Ring,125,107,94,49,375,2.67,100
682,IO_URING Ring,108,108,99,49,364,2.75,100
683,IO_URING Ring,112,105,125,50,392,2.55,100
684,IO_URING Ring,122,104,139,53,418,2.39,100
685,IO_URING Ring,124,102,95,53,374,2.67,100
686,IO_URING Ring,113,109,98,49,369,2.71,100
687,IO_URING Ring,106,108,89,42,345,2.90,100
688,IO_URING Ring,129,115,134,82,460,2.17,100
689,IO_URING Ring,114,109,113,53,389,2.57,100
690,IO_URING Ring,117,110,100,54,381,2.62,100
691,IO_URING Ring,144,109,105,46,404,2.48,100
692,IO_URING Ring,128,105,100,46,379,2.64,100
693,IO_URING Ring,115,108,95,52,370,2.70,100
694,IO_URING Ring,166,110,89,50,415,2.41,100
695,IO_URING Ring,116,107,83,53,359,2.79,100
696,IO_URING Ring,109,108,105,52,374,2.67,100
697,IO_URING Ring,128,109,93,47,377,2.65,100
698,IO_URING Ring,114,107,104,48,373,2.68,100
699,IO_URING Ring,113,111,98,52,374,2.67,100
700,IO_URING Ring,126,111,129,53,419,2.39,100
701,KCOV Buffer,110,85,95,31,321,3.12,100
702,KCOV Buffer,135,82,89,40,346,2.89,100
703,KCOV Buffer,84,81,124,40,329,3.04,100
704,KCOV Buffer,92,85,107,31,315,3.17,100
705,KCOV Buffer,79,78,94,39,290,3.45,100
706,KCOV Buffer,99,85,88,41,313,3.19,100
707,KCOV Buffer,80,90,92,40,302,3.31,100
708,KCOV Buffer,84,77,105,40,306,3.27,100
709,KCOV Buffer,87,78,84,39,288,3.47,100
710,KCOV Buffer,82,80,104,40,306,3.27,100
711,KCOV Buffer,91,86,76,41,294,3.40,100
712,KCOV Buffer,99,81,103,31,314,3.18,100
713,KCOV Buffer,91,87,75,34,287,3.48,100
714,KCOV Buffer,105,83,89,31,308,3.25,100
715,KCOV Buffer,92,90,86,40,308,3.25,100
716,KCOV Buffer,170,95,101,42,408,2.45,100
717,KCOV Buffer,91,85,116,40,332,3.01,100
718,KCOV Buffer,79,90,82,41,292,3.42,100
719,KCOV Buffer,84,83,95,40,302,3.31,100
720,KCOV Buffer,106,89,70,41,306,3.27,100
721,KCOV Buffer,108,83,105,41,337,2.97,100
722,KCOV Buffer,81,82,99,32,294,3.40,100
723,KCOV Buffer,96,81,95,34,306,3.27,100
724,KCOV Buffer,96,88,95,42,321,3.12,100
725,KCOV Buffer,85,87,99,40,311,3.22,100
726,KCOV Buffer,91,86,108,40,325,3.08,100
727,KCOV Buffer,92,81,78,42,293,3.41,100
728,KCOV Buffer,95,79,97,32,303,3.30,100
729,KCOV Buffer,94,84,121,42,341,2.93,100
730,KCOV Buffer,98,91,95,32,316,3.16,100
731,KCOV Buffer,84,88,95,40,307,3.26,100
732,KCOV Buffer,88,88,89,41,306,3.27,100
733,KCOV Buffer,81,88,89,43,301,3.32,100
734,KCOV Buffer,86,82,86,34,288,3.47,100
735,KCOV Buffer,83,84,100,40,307,3.26,100
736,KCOV Buffer,95,86,79,40,300,3.33,100
737,KCOV Buffer,101,82,81,40,304,3.29,100
738,KCOV Buffer,88,83,87,34,292,3.42,100
739,KCOV Buffer,98,89,89,40,316,3.16,100
740,KCOV Buffer,90,80,97,40,307,3.26,100
741,KCOV Buffer,86,90,88,32,296,3.38,100
742,KCOV Buffer,107,83,96,32,318,3.14,100
743,KCOV Buffer,71,87,110,41,309,3.24,100
744,KCOV Buffer,90,80,128,40,338,2.96,100
745,KCOV Buffer,91,88,74,41,294,3.40,100
746,KCOV Buffer,104,78,83,65,330,3.03,100
747,KCOV Buffer,81,81,82,42,286,3.50,100
748,KCOV Buffer,84,86,92,42,304,3.29,100
749,KCOV Buffer,84,91,89,31,295,3.39,100
750,KCOV Buffer,87,81,127,40,335,2.99,100
751,KCOV Buffer,161,88,98,41,388,2.58,100
752,KCOV Buffer,84,82,93,40,299,3.34,100
753,KCOV Buffer,82,89,90,40,301,3.32,100
754,KCOV Buffer,73,82,92,41,288,3.47,100
755,KCOV Buffer,81,81,89,40,291,3.44,100
756,KCOV Buffer,89,85,89,40,303,3.30,100
757,KCOV Buffer,81,85,94,41,301,3.32,100
758,KCOV Buffer,85,95,131,40,351,2.85,100
759,KCOV Buffer,123,94,103,40,360,2.78,100
760,KCOV Buffer,80,82,84,40,286,3.50,100
761,KCOV Buffer,101,88,103,40,332,3.01,100
762,KCOV Buffer,86,81,137,40,344,2.91,100
763,KCOV Buffer,77,86,107,40,310,3.23,100
764,KCOV Buffer,87,85,108,40,320,3.12,100
765,KCOV Buffer,86,86,90,32,294,3.40,100
766,KCOV Buffer,91,82,84,38,295,3.39,100
767,KCOV Buffer,89,80,97,41,307,3.26,100
768,KCOV Buffer,88,84,110,41,323,3.10,100
769,KCOV Buffer,76,78,78,32,264,3.79,100
770,KCOV Buffer,83,82,81,35,281,3.56,100
771,KCOV Buffer,106,93,90,42,331,3.02,100
772,KCOV Buffer,88,87,102,40,317,3.15,100
773,KCOV Buffer,122,84,90,31,327,3.06,100
774,KCOV Buffer,89,85,107,42,323,3.10,100
775,KCOV Buffer,92,82,121,40,335,2.99,100
776,KCOV Buffer,78,86,91,43,298,3.36,100
777,KCOV Buffer,92,82,85,33,292,3.42,100
778,KCOV Buffer,93,79,92,42,306,3.27,100
779,KCOV Buffer,107,85,101,42,335,2.99,100
780,KCOV Buffer,89,87,88,40,304,3.29,100
781,KCOV Buffer,74,84,88,32,278,3.60,100
782,KCOV Buffer,83,81,80,41,285,3.51,100
783,KCOV Buffer,86,85,86,32,289,3.46,100
784,KCOV Buffer,91,83,93,42,309,3.24,100
785,KCOV Buffer,91,78,89,40,298,3.36,100
786,KCOV Buffer,87,80,81,40,288,3.47,100
787,KCOV Buffer,83,82,89,41,295,3.39,100
788,KCOV Buffer,88,324,86,32,530,1.89,100
789,KCOV Buffer,82,83,94,44,303,3.30,100
790,KCOV Buffer,86,81,114,42,323,3.10,100
791,KCOV Buffer,91,85,99,36,311,3.22,100
792,KCOV Buffer,82,81,87,41,291,3.44,100
793,KCOV Buffer,107,89,88,43,327,3.06,100
794,KCOV Buffer,108,91,105,42,346,2.89,100
795,KCOV Buffer,82,80,99,44,305,3.28,100
796,KCOV Buffer,85,86,75,41,287,3.48,100
797,KCOV Buffer,86,86,89,41,302,3.31,100
798,KCOV Buffer,84,84,128,57,353,2.83,100
799,KCOV Buffer,89,88,103,39,319,3.13,100
800,KCOV Buffer,82,86,83,37,288,3.47,100
801,IOURING_LIBURING Ring,122,131,78,53,384,2.60,100
802,IOURING_LIBURING Ring,110,117,78,53,358,2.79,100
803,IOURING_LIBURING Ring,108,109,59,50,326,3.07,100
804,IOURING_LIBURING Ring,111,106,71,53,341,2.93,100
805,IOURING_LIBURING Ring,109,124,61,52,346,2.89,100
806,IOURING_LIBURING Ring,106,365,71,42,584,1.71,100
807,IOURING_LIBURING Ring,110,128,90,52,380,2.63,100
808,IOURING_LIBURING Ring,162,120,70,43,395,2.53,100
809,IOURING_LIBURING Ring,117,119,72,47,355,2.82,100
810,IOURING_LIBURING Ring,112,115,78,50,355,2.82,100
811,IOURING_LIBURING Ring,111,108,107,51,377,2.65,100
812,IOURING_LIBURING Ring,109,110,94,45,358,2.79,100
813,IOURING_LIBURING Ring,109,119,70,52,350,2.86,100
814,IOURING_LIBURING Ring,112,124,64,48,348,2.87,100
815,IOURING_LIBURING Ring,114,108,62,53,337,2.97,100
816,IOURING_LIBURING Ring,112,114,70,48,344,2.91,100
817,IOURING_LIBURING Ring,121,108,70,46,345,2.90,100
818,IOURING_LIBURING Ring,127,108,65,42,342,2.92,100
819,IOURING_LIBURING Ring,109,136,85,49,379,2.64,100
820,IOURING_LIBURING Ring,133,112,95,61,401,2.49,100
821,IOURING_LIBURING Ring,172,106,65,52,395,2.53,100
822,IOURING_LIBURING Ring,113,138,116,64,431,2.32,100
823,IOURING_LIBURING Ring,206,128,81,72,487,2.05,100
824,IOURING_LIBURING Ring,111,121,78,52,362,2.76,100
825,IOURING_LIBURING Ring,112,128,72,42,354,2.82,100
826,IOURING_LIBURING Ring,132,114,73,52,371,2.70,100
827,IOURING_LIBURING Ring,106,126,78,43,353,2.83,100
828,IOURING_LIBURING Ring,153,131,72,76,432,2.31,100
829,IOURING_LIBURING Ring,123,109,62,50,344,2.91,100
830,IOURING_LIBURING Ring,119,115,71,56,361,2.77,100
831,IOURING_LIBURING Ring,122,111,76,51,360,2.78,100
832,IOURING_LIBURING Ring,112,125,68,44,349,2.87,100
833,IOURING_LIBURING Ring,117,109,63,54,343,2.92,100
834,IOURING_LIBURING Ring,122,126,75,67,390,2.56,100
835,IOURING_LIBURING Ring,112,113,131,53,409,2.44,100
836,IOURING_LIBURING Ring,113,141,77,48,379,2.64,100
837,IOURING_LIBURING Ring,115,111,109,51,386,2.59,100
838,IOURING_LIBURING Ring,111,143,61,51,366,2.73,100
839,IOURING_LIBURING Ring,115,111,72,50,348,2.87,100
840,IOURING_LIBURING Ring,114,122,75,48,359,2.79,100
841,IOURING_LIBURING Ring,122,117,68,69,376,2.66,100
842,IOURING_LIBURING Ring,168,108,71,51,398,2.51,100
843,IOURING_LIBURING Ring,113,113,73,53,352,2.84,100
844,IOURING_LIBURING Ring,117,109,66,49,341,2.93,100
845,IOURING_LIBURING Ring,123,122,81,50,376,2.66,100
846,IOURING_LIBURING Ring,107,111,70,53,341,2.93,100
847,IOURING_LIBURING Ring,119,109,70,53,351,2.85,100
848,IOURING_LIBURING Ring,116,108,75,53,352,2.84,100
849,IOURING_LIBURING Ring,117,121,66,49,353,2.83,100
850,IOURING_LIBURING Ring,114,128,104,48,394,2.54,100
851,IOURING_LIBURING Ring,112,120,66,53,351,2.85,100
852,IOURING_LIBURING Ring,112,112,63,41,328,3.05,100
853,IOURING_LIBURING Ring,108,116,74,49,347,2.88,100
854,IOURING_LIBURING Ring,135,140,65,70,410,2.44,100
855,IOURING_LIBURING Ring,116,107,63,42,328,3.05,100
856,IOURING_LIBURING Ring,112,122,87,59,380,2.63,100
857,IOURING_LIBURING Ring,107,126,93,46,372,2.69,100
858,IOURING_LIBURING Ring,112,118,76,66,372,2.69,100
859,IOURING_LIBURING Ring,130,113,78,38,359,2.79,100
860,IOURING_LIBURING Ring,122,108,71,86,387,2.58,100
861,IOURING_LIBURING Ring,113,131,74,50,368,2.72,100
862,IOURING_LIBURING Ring,128,121,85,54,388,2.58,100
863,IOURING_LIBURING Ring,112,117,73,41,343,2.92,100
864,IOURING_LIBURING Ring,111,125,113,51,400,2.50,100
865,IOURING_LIBURING Ring,111,121,78,52,362,2.76,100
866,IOURING_LIBURING Ring,131,137,85,70,423,2.36,100
867,IOURING_LIBURING Ring,109,119,68,53,349,2.87,100
868,IOURING_LIBURING Ring,115,119,69,52,355,2.82,100
869,IOURING_LIBURING Ring,110,111,69,42,332,3.01,100
870,IOURING_LIBURING Ring,104,124,84,43,355,2.82,100
871,IOURING_LIBURING Ring,151,126,70,68,415,2.41,100
872,IOURING_LIBURING Ring,114,112,98,52,376,2.66,100
873,IOURING_LIBURING Ring,112,125,69,42,348,2.87,100
874,IOURING_LIBURING Ring,114,132,90,42,378,2.65,100
875,IOURING_LIBURING Ring,122,115,69,60,366,2.73,100
876,IOURING_LIBURING Ring,111,110,68,52,341,2.93,100
877,IOURING_LIBURING Ring,109,115,114,47,385,2.60,100
878,IOURING_LIBURING Ring,129,119,66,50,364,2.75,100
879,IOURING_LIBURING Ring,112,117,82,54,365,2.74,100
880,IOURING_LIBURING Ring,113,109,66,42,330,3.03,100
881,IOURING_LIBURING Ring,119,116,68,48,351,2.85,100
882,IOURING_LIBURING Ring,118,125,113,48,404,2.48,100
883,IOURING_LIBURING Ring,111,120,100,52,383,2.61,100
884,IOURING_LIBURING Ring,114,119,67,51,351,2.85,100
885,IOURING_LIBURING Ring,113,123,74,42,352,2.84,100
886,IOURING_LIBURING Ring,116,132,65,54,367,2.72,100
887,IOURING_LIBURING Ring,130,117,65,52,364,2.75,100
888,IOURING_LIBURING Ring,117,122,68,42,349,2.87,100
889,IOURING_LIBURING Ring,112,127,74,46,359,2.79,100
890,IOURING_LIBURING Ring,117,119,83,52,371,2.70,100
891,IOURING_LIBURING Ring,149,110,64,42,365,2.74,100
892,IOURING_LIBURING Ring,126,109,76,52,363,2.75,100
893,IOURING_LIBURING Ring,116,112,69,52,349,2.87,100
894,IOURING_LIBURING Ring,110,125,65,47,347,2.88,100
895,IOURING_LIBURING Ring,115,111,66,52,344,2.91,100
896,IOURING_LIBURING Ring,110,112,82,54,358,2.79,100
897,IOURING_LIBURING Ring,114,120,67,54,355,2.82,100
898,IOURING_LIBURING Ring,106,116,65,48,335,2.99,100
899,IOURING_LIBURING Ring,133,118,66,42,359,2.79,100
900,IOURING_LIBURING Ring,110,113,83,54,360,2.78,100
